Rank,Player,Age,Elo,HardRaw,ClayRaw,GrassRaw,hElo,cElo,gElo
1,Rafael Nadal,33.5,2203.4,2047.1,2123.6,1676.2,2125.2,2163.5,1939.8
2,Novak Djokovic,32.5,2201.3,2083.4,2062.6,2011.5,2142.4,2132,2106.4
3,Roger Federer,38.3,2167.3,2047.1,1824.6,1930.6,2107.2,1995.9,2048.9
4,Stefanos Tsitsipas,21.2,2067.4,1980.4,1915,1526.3,2023.9,1991.2,1796.9
5,Dominic Thiem,26.2,2066.2,1941.5,2030.7,1602.1,2003.9,2048.5,1834.2
6,Daniil Medvedev,23.7,2064.7,1989.8,1662.2,1634.5,2027.2,1863.4,1849.6
7,Alexander Zverev,22.6,1985.8,1910.4,1971,1632.2,1948.1,1978.4,1809
8,Andrey Rublev,22.1,1957.6,1885.4,1679.9,1436.9,1921.5,1818.7,1697.3
9,Alex De Minaur,20.8,1954.6,1890.1,1386.9,1551.6,1922.4,1670.8,1753.1
10,Matteo Berrettini,23.6,1950.8,1776,1866.8,1771.5,1863.4,1908.8,1861.1
11,Denis Shapovalov,20.6,1946.8,1883.6,1611.3,1302.9,1915.2,1779.1,1624.9
12,Kei Nishikori,29.7,1936.5,1819,1898.9,1730.8,1877.8,1917.7,1833.7
13,Roberto Bautista Agut,31.6,1930.9,1845.4,1784.4,1807.4,1888.2,1857.6,1869.1
14,Stanislas Wawrinka,34.6,1920.7,1848.9,1859.7,1531.3,1884.8,1890.2,1726
15,Nick Kyrgios,24.6,1907.1,1846.2,1598.7,1610.9,1876.7,1752.9,1759
16,Jo Wilfried Tsonga,34.6,1901.4,1806.1,1743.2,1621.8,1853.8,1822.3,1761.6
17,Diego Sebastian Schwartzman,27.3,1899.5,1760.5,1844,1500.3,1830,1871.8,1699.9
18,David Goffin,28.9,1895.1,1751.5,1771.2,1719.4,1823.3,1833.1,1807.2
19,Filip Krajinovic,27.7,1894.8,1796.8,1838.4,1379.6,1845.8,1866.6,1637.2
20,Pablo Carreno Busta,28.4,1894.2,1819.9,1713.4,1340.7,1857.1,1803.8,1617.5
21,Marin Cilic,31.1,1892.6,1787.5,1794.3,1777.6,1840,1843.5,1835.1
22,Fabio Fognini,32.5,1891.2,1766.7,1856.5,1609.8,1829,1873.9,1750.5
23,Gael Monfils,33.2,1890.5,1834.8,1701.6,1547.9,1862.7,1796.1,1719.2
24,Karen Khachanov,23.5,1872.7,1763.1,1800.8,1701.4,1817.9,1836.8,1787
25,Andy Murray,32.5,1864.9,1778.9,1789.4,1628.7,1821.9,1827.1,1746.8
26,Jeremy Chardy,32.7,1850.6,1733.5,1729.2,1591.5,1792.1,1789.9,1721.1
27,Sam Querrey,32.1,1848.6,1693.2,1702.3,1764.7,1770.9,1775.4,1806.6
28,Lucas Pouille,25.6,1847.8,1749.6,1731.9,1641.2,1798.7,1789.8,1744.5
29,John Isner,34.5,1839.5,1723.5,1658.5,1718.1,1781.5,1749,1778.8
30,Nikoloz Basilashvili,27.7,1839.2,1724.1,1803.7,1429,1781.6,1821.5,1634.1
31,Grigor Dimitrov,28.5,1837.8,1773.5,1709.6,1507.8,1805.7,1773.7,1672.8
32,Tomas Berdych,33.9,1834.6,1763.1,1734.7,1583.7,1798.8,1784.6,1709.1
33,Vasek Pospisil,29.4,1832.5,1776.7,1281.1,1457.5,1804.6,1556.8,1645
34,Jan Lennard Struff,29.6,1830.2,1676.3,1741.7,1539.9,1753.3,1786,1685.1
35,Kyle Edmund,24.9,1830.1,1764.2,1703.1,1448.5,1797.2,1766.6,1639.3
36,Aljaz Bedene,30.3,1827.3,1724.1,1739.5,1549.7,1775.7,1783.4,1688.5
37,Mikael Ymer,21.1,1826.2,1732.2,1686.7,1498.1,1779.2,1756.4,1662.1
38,Yoshihito Nishioka,24.1,1825.7,1756.5,1475.1,1400.3,1791.1,1650.4,1613
39,Borna Coric,23,1823.7,1721.4,1762.6,1612,1772.5,1793.2,1717.9
40,Guido Pella,29.5,1822.3,1623.8,1817,1606.2,1723.1,1819.7,1714.3
41,Taylor Harry Fritz,22.1,1821.9,1696.5,1704.4,1558.4,1759.2,1763.2,1690.2
42,Milos Raonic,28.8,1819.8,1698.6,1702.2,1659.1,1759.2,1761,1739.5
43,Reilly Opelka,22.2,1818.3,1741.2,1609.4,1494.7,1779.8,1713.8,1656.5
44,Jannik Sinner,18.2,1815.9,1778,1543.7,1384,1796.9,1679.8,1599.9
45,Felix Auger Aliassime,19.3,1812.9,1666,1760.6,1661.7,1739.5,1786.8,1737.3
46,Christian Garin,23.5,1812.5,1637.9,1793,1496.8,1725.2,1802.7,1654.7
47,Hubert Hurkacz,22.7,1809.4,1730.8,1652.5,1544.3,1770.1,1731,1676.9
48,Fernando Verdasco,36,1805.3,1720.2,1734.6,1582.7,1762.8,1770,1694
49,Hyeon Chung,23.4,1796.7,1700.6,1649.3,1302.4,1748.7,1723,1549.5
50,Albert Ramos,31.8,1794.2,1629.4,1765.2,1405.9,1711.8,1779.7,1600.1
51,Richard Gasquet,33.3,1793.3,1667.7,1658.9,1562.9,1730.5,1726.1,1678.1
52,Philipp Kohlschreiber,36.1,1789.2,1737.1,1722.2,1545.8,1763.2,1755.7,1667.5
53,Radu Albot,30,1786.9,1716,1598.6,1462.5,1751.5,1692.8,1624.7
54,Gilles Simon,34.8,1786.5,1708.5,1669.1,1618.8,1747.5,1727.8,1702.6
55,Feliciano Lopez,38.2,1783.4,1666.1,1655.7,1760.7,1724.7,1719.6,1772
56,Benoit Paire,30.5,1783.2,1637.1,1770.7,1570.1,1710.2,1776.9,1676.7
57,Adrian Mannarino,31.3,1782,1673.3,1521,1673.7,1727.6,1651.5,1727.8
58,Thanasi Kokkinakis,23.5,1781.2,1724,1608,1434.7,1752.6,1694.6,1608
59,Mikhail Kukushkin,31.9,1778.8,1704.8,1563.3,1530.5,1741.8,1671.1,1654.7
60,Daniel Evans,29.5,1777.1,1678.6,1495,1665.9,1727.9,1636.1,1721.5
61,Tommy Paul,22.5,1773,1700.5,1588.8,1503.8,1736.7,1680.9,1638.4
62,Emil Ruusuvuori,20.6,1772.4,1735,1458.6,1446.7,1753.7,1615.5,1609.5
63,Ugo Humbert,21.3,1770.1,1709.5,1246.6,1579.7,1739.8,1508.3,1674.9
64,John Millman,30.4,1770,1697.4,1634.7,1519.1,1733.7,1702.3,1644.5
65,Casper Ruud,20.8,1755.9,1577.3,1715.2,1398.1,1666.6,1735.6,1577
66,Andreas Seppi,35.7,1753.5,1696.8,1605.5,1593,1725.2,1679.5,1673.2
67,Pablo Andujar,33.8,1751.3,1494,1769.1,1240.7,1622.6,1760.2,1496
68,Lorenzo Sonego,24.5,1750.8,1523.7,1780.3,1538.9,1637.3,1765.6,1644.9
69,Pierre Hugues Herbert,28.6,1748.5,1638.4,1665.9,1577.6,1693.5,1707.2,1663
70,Cameron Norrie,24.2,1748.3,1675.1,1540.2,1387.9,1711.7,1644.3,1568.1
71,Marton Fucsovics,27.7,1747.4,1678.3,1644.7,1563,1712.9,1696.1,1655.2
72,Egor Gerasimov,27,1742.3,1684.4,1391.6,1260.5,1713.3,1566.9,1501.4
73,Alexei Popyrin,20.2,1740.3,1642.8,1452.7,1548.1,1691.5,1596.5,1644.2
74,Francis Tiafoe,21.8,1739.2,1669.6,1648.9,1493.5,1704.4,1694.1,1616.3
75,Ricardas Berankis,29.4,1738.6,1667.9,1517.6,1380.8,1703.2,1628.1,1559.7
76,Jordan Thompson,25.4,1736,1658.4,1554.6,1536.5,1697.2,1645.3,1636.2
77,Joao Sousa,30.6,1734.6,1631,1647.1,1556.9,1682.8,1690.8,1645.8
78,Alejandro Davidovich Fokina,20.4,1732.9,1588.2,1684.2,1430.2,1660.5,1708.6,1581.5
79,Gregoire Barrere,25.7,1730.4,1653.7,1479.8,1533,1692.1,1605.1,1631.7
80,Dominik Koepfer,25.4,1729.8,1630,1306,1606.2,1679.9,1517.9,1668
81,Steve Johnson,29.8,1725.9,1620.7,1662.8,1597.3,1673.3,1694.4,1661.6
82,Pablo Cuevas,33.8,1725.3,1595,1718.4,1528.4,1660.1,1721.9,1626.9
83,Dennis Novak,26.2,1724.2,1640.5,1535.7,1663.8,1682.4,1630,1694
84,Jiri Vesely,26.3,1723.9,1637.8,1589.2,1660.6,1680.9,1656.6,1692.3
85,Damir Dzumhur,27.5,1723.9,1640.1,1570.9,1623.3,1682,1647.4,1673.6
86,Alexander Bublik,22.4,1723.5,1663.5,1292.6,1553,1693.5,1508.1,1638.3
87,Soon Woo Kwon,21.9,1720.7,1623.7,1238.5,1535.2,1672.2,1479.6,1628
88,Dusan Lajovic,29.3,1716.2,1582.8,1738.2,1316.8,1649.5,1727.2,1516.5
89,Janko Tipsarevic,35.3,1712.7,1669.7,1656.6,1526.9,1691.2,1684.6,1619.8
90,Miomir Kecmanovic,20.2,1711.5,1590.4,1523.2,1556.9,1651,1617.4,1634.2
91,Marcos Baghdatis,34,1711.4,1644.3,1469.7,1583.5,1677.9,1590.6,1647.5
92,Roberto Carballes Baena,26.6,1705.6,1544,1678.5,1333.3,1624.8,1692.1,1519.4
93,Laslo Djere,24.4,1704.7,1316.5,1770.3,1287.7,1510.6,1737.5,1496.2
94,Leonardo Mayer,32.5,1702.8,1641,1659.9,1482.6,1671.9,1681.4,1592.7
95,Federico Delbonis,29.1,1702.5,1532.6,1730.5,1182.5,1617.6,1716.5,1442.5
96,Yasutaka Uchiyama,27.3,1701.5,1638.3,1209,1450,1669.9,1455.2,1575.8
97,Mackenzie Mcdonald,24.1,1697.1,1667.8,1289.2,1599.6,1682.5,1493.2,1648.3
98,Juan Ignacio Londero,26.2,1696.7,1387.7,1698.2,1312.6,1542.2,1697.4,1504.6
99,Thiago Seyboth Wild,19.7,1695.8,1377.1,1683.7,0,1536.5,1689.8,1547.9
100,Steve Darcis,35.7,1695.6,1668.4,1575.8,1536.5,1682,1635.7,1616.1
101,Ivo Karlovic,40.7,1693.1,1644,1565.8,1582.8,1668.6,1629.5,1638
102,Lloyd George Muirhead Harris,22.7,1693.1,1652.5,1441.6,1254.2,1672.8,1567.3,1473.6
103,Cedrik Marcel Stebe,29.1,1692.1,1592.7,1646.1,1446.9,1642.4,1669.1,1569.5
104,Martin Klizan,30.2,1691.6,1637.6,1648.4,1335.2,1664.6,1670,1513.4
105,Jaume Munar,22.5,1688.6,1455.2,1709.3,1270.6,1571.9,1698.9,1479.6
106,Tennys Sandgren,28.3,1685.9,1567.5,1545.7,1587.7,1626.7,1615.8,1636.8
107,Nicolas Jarry,24.1,1681.9,1426.1,1746.7,1434.1,1554,1714.3,1558
108,Bernard Tomic,27,1680.6,1659.5,1489,1554,1670,1584.8,1617.3
109,Marcel Granollers,33.5,1678,1545.7,1554.7,1619.2,1611.8,1616.4,1648.6
110,Salvatore Caruso,26.9,1671.1,1493,1684.1,1511.7,1582.1,1677.6,1591.4
111,Hugo Dellien,26.4,1669.1,1375.1,1630.7,1375.1,1522.1,1649.9,1522.1
112,Marius Copil,29,1668.8,1610.3,1481.8,1548.1,1639.6,1575.3,1608.5
113,Christopher Oconnell,25.4,1667.3,1574.8,1484.1,0,1621.1,1575.7,1533.6
114,Maximilian Marterer,23.9,1666.4,1627.5,1604.3,1330.2,1647,1635.3,1498.3
115,Nicolas Mahut,37.7,1662.8,1561.4,1541.5,1609.3,1612.1,1602.2,1636.1
116,Marcos Giron,26.3,1662.6,1611.5,1353.5,1553.8,1637.1,1508.1,1608.2
117,Robin Haase,32.6,1659.3,1617.8,1539,1532.7,1638.5,1599.1,1596
118,Thiago Monteiro,25.4,1652.3,1472.5,1619.1,1443.2,1562.4,1635.7,1547.8
119,Ilya Ivashka,25.7,1651.7,1572.4,1536.7,1458,1612.1,1594.2,1554.9
120,Jason Kubler,26.2,1650.3,1620.6,1326.3,1472.5,1635.4,1488.3,1561.4
121,Kamil Majchrzak,23.8,1648.8,1590.6,1486,1550.3,1619.7,1567.4,1599.5
122,Jozef Kovalik,27,1644.8,1376.8,1653.5,1312.1,1510.8,1649.2,1478.5
123,Matthew Ebden,31.7,1641.9,1554.4,1326.7,1572.7,1598.2,1484.3,1607.3
124,Evgeny Donskoy,29.5,1641.7,1559.4,1475.5,1468.3,1600.5,1558.6,1555
125,Antonie Hoang,24,1640.4,1562.6,1472.4,1521.6,1601.5,1556.4,1581
126,Peter Gojowczyk,30.3,1639,1591.8,1488.6,1435.3,1615.4,1563.8,1537.2
127,Jeffrey John Wolf,20.9,1638.6,1570.7,0,0,1604.6,1429.3,1519.3
128,Bradley Klahn,29.2,1638.1,1596.6,1300.6,1352.4,1617.3,1469.3,1495.3
129,Bjorn Fratangelo,26.1,1634.4,1636,1510.9,1471.6,1635.2,1572.7,1553
130,Guido Andreozzi,28.2,1634.4,1494.1,1608.3,1241,1564.3,1621.3,1437.7
131,Yannick Hanfmann,28,1634.3,1286.9,1628.5,1423.2,1460.6,1631.4,1528.8
132,Sumit Nagal,22.2,1633.9,1380,1601.8,1328.2,1506.9,1617.9,1481
133,Stefano Travaglia,27.9,1632.9,1511.4,1658.7,1416.9,1572.2,1645.8,1524.9
134,Botic Van De Zandschulp,24.1,1632.8,1570.4,1303.3,1351.5,1601.6,1468.1,1492.1
135,Simone Bolelli,33.7,1631.8,1519.4,1637.7,1565.6,1575.6,1634.8,1598.7
136,Marco Cecchinato,27.1,1626.7,1367,1690.3,1379.9,1496.9,1658.5,1503.3
137,James Duckworth,27.8,1625.4,1575.8,1470.4,1416.6,1600.6,1547.9,1521
138,Federico Coria,27.7,1622.1,1190.8,1606.2,1347.8,1406.4,1614.2,1484.9
139,Norbert Gombos,29.2,1620.2,1543,1524.5,1408.4,1581.6,1572.3,1514.3
140,Dustin Brown,34.6,1619.2,1446.8,1591.9,1560.2,1533,1605.6,1589.7
141,Michael Mmoh,21.8,1619,1583.9,1344.6,1390.7,1601.4,1481.8,1504.8
142,Taro Daniel,26.8,1618.9,1545,1575.5,1329.2,1581.9,1597.2,1474.1
143,Yuichi Sugita,31.2,1617.2,1533.8,1343.5,1562.8,1575.5,1480.3,1590
144,Lukas Rosol,34.3,1614.3,1523.4,1550,1509.1,1568.8,1582.1,1561.7
145,Viktor Troicki,33.7,1612.8,1479.3,1617.6,1612.2,1546,1615.2,1612.5
146,Zhizhen Zhang,23,1612.1,1537.7,1395.5,0,1574.9,1503.8,1506
147,Guillermo Garcia Lopez,36.5,1611.9,1563.1,1572.5,1425.3,1587.5,1592.2,1518.6
148,Denis Istomin,33.1,1610.9,1611,1508.9,1440,1611,1559.9,1525.4
149,Lukas Lacko,32,1610.1,1536.5,1267.7,1522.7,1573.3,1438.9,1566.4
150,Mathias Bourgue,25.8,1608.9,1542.2,1448,1392.3,1575.6,1528.5,1500.6
151,Corentin Moutet,20.5,1608.2,1491.7,1573.9,1585.8,1550,1591,1597
152,Dudi Sela,34.5,1607.6,1536.1,1309.2,1643.9,1571.8,1458.4,1625.7
153,Prajnesh Gunneswaran,30,1601.5,1547.6,1486.1,1304.9,1574.5,1543.8,1453.2
154,Denis Kudla,27.2,1601.1,1505.2,1486.2,1573.2,1553.2,1543.7,1587.2
155,Brandon Nakashima,18.3,1600.7,1552.4,0,0,1576.5,1410.3,1500.3
156,Yannick Maden,30,1597.3,1535.7,1587.8,1437.4,1566.5,1592.5,1517.4
157,Mischa Zverev,32.2,1597.1,1530.4,1509.8,1553.5,1563.8,1553.4,1575.3
158,Go Soeda,35.2,1597,1492.2,1359.6,1534.3,1544.6,1478.3,1565.7
159,Marc Polmans,22.5,1590.1,1570.6,1317.8,1312.7,1580.4,1453.9,1451.4
160,Juan Pablo Varillas Patino Samudio,24.1,1589.6,1103.4,1583.3,0,1346.5,1586.4,1494.8
161,Matthias Bachinger,32.5,1589.5,1517,1488.6,1484.3,1553.2,1539,1536.9
162,Andrej Martin,30.2,1587.1,1297.2,1573,1109.7,1442.2,1580,1348.4
163,Pedro Sousa,31.5,1586.2,1150.5,1575.3,1346.7,1368.3,1580.7,1466.4
164,Henri Laaksonen,27.6,1582.4,1473.1,1521.6,1264.5,1527.8,1552,1423.4
165,Noah Rubin,23.5,1582.4,1515.8,1423.2,1430.6,1549.1,1502.8,1506.5
166,Jason Jung,30.4,1581.7,1545.4,1365.8,1381.9,1563.5,1473.8,1481.8
167,Blaz Kavcic,32.7,1581.5,1525.8,1430,1399.1,1553.7,1505.8,1490.3
168,Bernabe Zapata Miralles,22.8,1577.3,1433.3,1500.5,1335.3,1505.3,1538.9,1456.3
169,Santiago Giraldo,32,1575.1,1530.8,1521.4,1394.6,1553,1548.3,1484.9
170,Illya Marchenko,32.2,1574.9,1547.8,1325.6,1347.7,1561.4,1450.3,1461.3
171,Ernesto Escobedo,23.3,1574.7,1515.3,1384.4,1411.1,1545,1479.6,1492.9
172,Ernests Gulbis,31.1,1574.4,1524.9,1555.3,1506.4,1549.6,1564.9,1540.4
173,Frederico Ferreira Silva,24.7,1574.2,1509.5,1410.2,1378.5,1541.9,1492.2,1476.4
174,Facundo Bagnis,29.7,1573.9,1342.2,1557.1,1194.6,1458.1,1565.5,1384.3
175,Thomas Fabbiano,30.5,1571.3,1464.6,1441.4,1612.8,1518,1506.3,1592.1
176,Elias Ymer,23.6,1571.1,1504.9,1530.8,1356.6,1538,1551,1463.9
177,Alessandro Giannessi,29.4,1570.5,1395.3,1553.4,1338.4,1482.9,1562,1454.5
178,Marco Trungelliti,29.7,1570.4,1377.2,1593.8,1247.4,1473.8,1582.1,1408.9
179,Attila Balazs,31.1,1570.4,1172.7,1538.2,1437.4,1371.5,1554.3,1503.9
180,Danilo Petrovic,27.8,1569.2,1464.8,1499.2,1324.2,1517,1534.2,1446.7
181,Mats Moraing,27.2,1568.2,1459.3,1493.7,1395.2,1513.8,1531,1481.7
182,Dmitry Popko,23,1566.7,1498.5,1484.8,1319.7,1532.6,1525.8,1443.2
183,Gianluca Mager,25,1566.2,1383.8,1588.9,1376.6,1475,1577.5,1471.4
184,Carlos Taberner,22.3,1565.7,1394.9,1553.4,0,1480.3,1559.6,1482.9
185,Tallon Griekspoor,23.4,1563.4,1407.3,1588.4,1329.9,1485.4,1575.9,1446.7
186,Zdenek Kolar,23.1,1561.7,1559,1373.6,1369.5,1560.4,1467.7,1465.6
187,Paolo Lorenzi,37.9,1560.9,1519,1530.7,1265.5,1540,1545.8,1413.2
188,Borna Gojo,21.7,1559.2,1513,1132.3,0,1536.1,1345.7,1479.6
189,Tatsuma Ito,31.4,1557.4,1515.3,1217,1409.3,1536.4,1387.2,1483.3
190,Federico Gaio,27.7,1554.8,1374.1,1529.8,1279.9,1464.5,1542.3,1417.4
191,Steven Diez,28.7,1552.7,1478.6,1448.8,1309.6,1515.6,1500.7,1431.2
192,Tommy Robredo,37.5,1551.9,1527.8,1529,1519.7,1539.9,1540.5,1535.8
193,Brayden Schnur,24.3,1551.2,1496.3,0,1400.2,1523.8,1385.6,1475.7
194,Tim Smyczek,31.6,1550,1467.3,1305,1507.3,1508.6,1427.5,1528.7
195,Mario Vilella Martinez,24.3,1547.6,1246.3,1515.6,0,1397,1531.6,1473.8
196,Alex Molcan,21.9,1546.2,1456,1465.2,0,1501.1,1505.7,1473.1
197,Rogerio Dutra Silva,35.6,1545,1543.5,1504.3,1233.3,1544.2,1524.7,1389.2
198,Blaz Rola,29.1,1539.9,1473.6,1502.2,1444,1506.7,1521.1,1491.9
199,Rayane Roumane,19.2,1539.5,1471,0,0,1505.2,1379.7,1469.7
200,Roberto Marcora,30.2,1539.5,1500.8,1458.3,1256.2,1520.1,1498.9,1397.8
201,Sergiy Stakhovsky,33.8,1537.7,1425.7,1463.5,1556.1,1481.7,1500.6,1546.9
202,Constant Lestienne,27.5,1536.8,1400,1494.2,1305,1468.4,1515.5,1420.9
203,Malek Jaziri,35.8,1536,1486.6,1536.7,1330,1511.3,1536.3,1433
204,Enzo Couacaud,24.6,1535.6,1474.9,1407.4,1451.5,1505.2,1471.5,1493.6
205,Kimmer Coppejans,25.7,1534.8,1397,1514.7,1192.7,1465.9,1524.7,1363.7
206,Sebastian Ofner,23.5,1534.6,1528.2,1367.5,1365.7,1531.4,1451,1450.1
207,Daniel Altmaier,21.2,1533.6,1386.3,1510.9,1483.5,1459.9,1522.3,1508.6
208,Daniel Elahi Galan Riveros,23.4,1532,1292.6,1546.9,1379,1412.3,1539.4,1455.5
209,Tobias Kamke,33.4,1532,1484.1,1420.5,1457.2,1508,1476.2,1494.6
210,Stefano Napolitano,24.6,1531.7,1469.6,1477.5,1442.3,1500.7,1504.6,1487
211,Andrea Collarini,27.8,1531.2,1170.3,1505.9,1375.8,1350.8,1518.6,1453.5
212,Ruben Bemelmans,31.8,1528.8,1412.5,1405.2,1584.5,1470.6,1467,1556.6
213,Alex Bolt,26.8,1528.7,1464.3,1285.2,1511.1,1496.5,1406.9,1519.9
214,Yosuke Watanuki,21.6,1526,1480.4,1219.7,1389.6,1503.2,1372.8,1457.8
215,Maxime Janvier,23,1524.7,1469.5,1364.1,1342.4,1497.1,1444.4,1433.5
216,Thai Son Kwiatkowski,24.6,1517.7,1474.6,1387.1,1257,1496.2,1452.4,1387.3
217,Evgeny Karlovskiy,25.3,1517.4,1467.4,1185.6,1375.1,1492.4,1351.5,1446.3
218,Emilio Gomez,28,1516.2,1460.9,1455.5,1234.7,1488.5,1485.9,1375.5
219,Oscar Otte,26.3,1514.6,1419.8,1516,1405.5,1467.2,1515.3,1460.1
220,Liam Broady,25.8,1514.3,1479.2,1295.5,1217.3,1496.8,1404.9,1365.8
221,Daniel Masur,25.4,1512.5,1398.8,1432.5,1373.4,1455.7,1472.5,1443
222,Daniel Brands,32,1512,1452.5,1387.6,1498.7,1482.2,1449.8,1505.3
223,Zsombor Piros,19.8,1510.9,1248.9,1490.3,0,1379.9,1500.6,1455.5
224,Donald Young,30.3,1509.9,1457.6,1419.9,1452.2,1483.8,1464.9,1481
225,Darian King,27.5,1508.7,1460.9,1259.9,1366.1,1484.8,1384.3,1437.4
226,Mohamed Safwat,29.2,1507.9,1386.1,1498.3,1365.7,1447,1503.1,1436.8
227,Arthur De Greef,27.3,1506.9,1362.9,1469.8,1290.9,1434.9,1488.3,1398.9
228,Lorenzo Musetti,17.7,1503.3,1355.4,1388.6,0,1429.3,1445.9,1451.7
229,Maxime Cressy,22.5,1503,1459.9,1257.8,1355,1481.5,1380.4,1429
230,Nicola Kuhn,19.6,1502.8,1452.2,1373.5,0,1477.5,1438.2,1451.4
231,Elliot Benchetrit,21.1,1501.7,1413.7,1420.6,0,1457.7,1461.2,1450.8
232,Luca Vanni,34.4,1501.3,1442.9,1350,1370.9,1472.1,1425.6,1436.1
233,Tristan Lamasine,26.6,1500.7,1429.5,1429.3,1528.2,1465.1,1465,1514.4
234,Ramkumar Ramanathan,25,1500.1,1410.2,1379.3,1552.3,1455.1,1439.7,1526.2
235,Filip Horansky,26.8,1499.1,1307,1513.8,1248.8,1403.1,1506.5,1373.9
236,Sebastian Korda,19.4,1497.8,1436.3,1282,0,1467,1389.9,1448.9
237,Rudolf Molleker,19,1497.7,1260.4,1496.4,1404.3,1379.1,1497.1,1451
238,Alexey Vatutin,27,1496.6,1411.3,1495.2,1307.9,1454,1495.9,1402.2
239,Christopher Eubanks,23.5,1494.8,1425.8,1298.5,1399.3,1460.3,1396.6,1447
240,Alexandre Muller,22.8,1494.4,1451,1347.8,0,1472.7,1421.1,1447.2
241,Nikola Milojevic,24.4,1493.4,1401.1,1491.6,1292,1447.3,1492.5,1392.7
242,Francisco Cerundolo,21.2,1492.8,1313.3,1470.7,0,1403,1481.8,1446.4
243,Juan Pablo Ficovich,22.8,1484.5,1310.8,1464.7,0,1397.7,1474.6,1442.2
244,Andrew Harris,25.6,1482.5,1437.3,1304.6,1421.2,1459.9,1393.6,1451.8
245,Gastao Elias,28.8,1482.3,1338.3,1466.4,1260,1410.3,1474.4,1371.1
246,Peter Polansky,31.4,1481,1434.2,1344.5,1339.3,1457.6,1412.7,1410.2
247,Jay Clarke,21.3,1479.6,1446.5,1377.2,1279.4,1463,1428.4,1379.5
248,Mikael Torpegaard,25.5,1478.9,1431.2,1404.6,1466.2,1455,1441.7,1472.5
249,Adrian Menendez Maceiras,34,1475.8,1386.3,1486.4,1325.7,1431.1,1481.1,1400.7
250,Cem Ilkel,24.2,1475.6,1407.3,1098.1,1306.8,1441.4,1286.9,1391.2
251,Akira Santillan,22.4,1475.4,1443.3,1225.8,1335.4,1459.4,1350.6,1405.4
252,Julian Lenz,26.7,1474,1396.6,1394.1,1350.4,1435.3,1434.1,1412.2
253,Carlos Berlocq,36.6,1473.3,1537.4,1447.2,1278.2,1505.4,1460.3,1375.8
254,Thomaz Bellucci,31.8,1472.1,1507.1,1435,1343.6,1489.6,1453.6,1407.9
255,Guilherme Clezar,26.9,1470.9,1190.4,1478.8,1203.4,1330.6,1474.8,1337.1
256,Lorenzo Giustino,28.1,1470.3,1333,1467.7,1292.1,1401.6,1469,1381.2
257,Max Purcell,21.6,1469.6,1416.9,1303.9,1331,1443.2,1386.8,1400.3
258,Jeremy Jahn,29.5,1469.6,1203.5,1483.3,0,1336.6,1476.4,1434.8
259,Roberto Quiroz,27.7,1466.9,1365.6,1403.9,1409.4,1416.3,1435.4,1438.1
260,Joao Domingues,26.1,1466.1,1315.4,1429.8,1347.8,1390.8,1448,1407
261,Zhe Li,33.1,1463.9,1404.1,1163.8,1303.7,1434,1313.8,1383.8
262,Konstantin Kravchuk,34.7,1462.5,1417.6,1186.7,1431.3,1440,1324.6,1446.9
263,Facundo Mena,27.1,1459.8,1285.8,1448.8,0,1372.8,1454.3,1429.9
264,John Patrick Smith,29.9,1459,1390.1,1160.4,1465.3,1424.6,1309.7,1462.2
265,Joao Lucas Magalhaes Hueb De Menezes,22.9,1457.2,1495.5,1349.9,0,1476.3,1403.5,1428.6
266,Tim Van Rijthoven,22.5,1456,1419.4,1209.9,0,1437.7,1332.9,1428
267,Teymuraz Gabashvili,34.5,1455.2,1420.8,1444.3,1388.7,1438,1449.7,1421.9
268,Duck Hee Lee,21.5,1453.6,1414.4,1187.3,1237.5,1434,1320.4,1345.5
269,Enrique Lopez Perez,28.4,1452.9,1402.2,1403.2,1319.8,1427.5,1428.1,1386.4
270,Tung Lin Wu,21.5,1452.9,1393.6,1417.4,0,1423.2,1435.1,1426.4
271,Ji Sung Nam,26.2,1452.6,1408.1,1191,0,1430.4,1321.8,1426.3
272,Benjamin Hassan,24.8,1452.4,1255.8,1494.2,0,1354.1,1473.3,1426.2
273,Facundo Arguello,27.1,1452.4,1259.6,1431.8,1295.5,1356,1442.1,1374
274,Gonzalo Escobar,30.8,1451.3,1451.7,1283.9,0,1451.5,1367.6,1425.6
275,Jurij Rodionov,20.5,1451.2,1451.8,1306.4,1245.4,1451.5,1378.8,1348.3
276,Pedja Krstin,25.2,1449,1308,1456.9,1295.4,1378.5,1452.9,1372.2
277,Hiroki Moriya,29.1,1447.1,1398.2,1129,1351.5,1422.7,1288.1,1399.3
278,Thiemo De Bakker,30.9,1446.5,1424.5,1459.5,1385,1435.5,1453,1415.8
279,Jan Choinski,23.4,1446.5,1409.3,1387,1208.3,1427.9,1416.8,1327.4
280,Altug Celikbilek,23.2,1446,1384.6,1172.6,1457.5,1415.3,1309.3,1451.8
281,Gian Marco Moroni,21.8,1445.7,1197.7,1440.7,0,1321.7,1443.2,1422.9
282,Lucas Miedler,23.4,1444.4,1368.2,1364.5,1339,1406.3,1404.5,1391.7
283,Andrea Vavassori,24.5,1443.2,1311.1,1425.1,0,1377.2,1434.2,1421.6
284,James Ward,32.7,1442.1,1333.2,1330.1,1460.7,1387.7,1386.1,1451.4
285,Gleb Sakharov,31.2,1440.6,1463.4,1222.2,1313.7,1452,1331.4,1377.1
286,Hugo Nys,28.7,1438.5,1288.4,1403.1,0,1363.4,1420.8,1419.2
287,Viktor Galovic,29.2,1436.9,1426,1348.1,1461.4,1431.5,1392.5,1449.2
288,Mirza Basic,28.3,1436.6,1395.4,1378.6,1297.3,1416,1407.6,1366.9
289,Pedro Martinez Portero,22.5,1436.3,1395.2,1389.5,1377.1,1415.7,1412.9,1406.7
290,Ze Zhang,29.3,1435.9,1419.6,1289.7,1333.5,1427.8,1362.8,1384.7
291,Johannes Haerteis,23.7,1435.4,1316.4,1403.7,1361.3,1375.9,1419.6,1398.4
292,Quentin Halys,23,1434.1,1335.9,1526.7,1403.2,1385,1480.4,1418.6
293,Mitchell Krueger,25.8,1431.9,1398.1,1263.7,1280.6,1415,1347.8,1356.3
294,Johan Sebastien Tatlot,23.4,1430.1,1286.3,1380.6,0,1358.2,1405.3,1415.1
295,Marcelo Arevalo,29,1429.8,1329.4,1494.4,1269.3,1379.6,1462.1,1349.5
296,Filippo Baldi,23.9,1429.6,1317,1439.2,1314.3,1373.3,1434.4,1371.9
297,Matteo Viola,32.3,1429.2,1402.8,1255.5,1367.5,1416,1342.3,1398.3
298,Andrea Arnaboldi,31.9,1429.1,1316.7,1391.3,1502.8,1372.9,1410.2,1465.9
299,Chun Hsin Tseng,18.2,1426.9,1381.6,1388.4,1426.2,1404.3,1407.7,1426.6
300,Alejandro Tabilo,22.4,1426.4,1312.1,1441.6,0,1369.3,1434,1413.2
301,Andrea Pellegrino,22.6,1426.1,1302.8,1353.3,0,1364.5,1389.7,1413.1
302,Stefan Kozlov,21.8,1425.6,1372,1373,1430.8,1398.8,1399.3,1428.2
303,Jc Aragone,24.4,1424.1,1390,1066.8,1391.5,1407.1,1245.4,1407.8
304,Aleksandr Nedovyesov,32.7,1423.4,1366,1439.4,1421.9,1394.7,1431.4,1422.7
305,Aslan Karatsev,26.2,1422.4,1301.6,1468.6,1321.3,1362,1445.5,1371.8
306,Nino Serdarusic,22.9,1422.3,1212.3,1377.4,1342.5,1317.3,1399.8,1382.4
307,Jose Hernandez,29.7,1417,1289.9,1412.5,1397,1353.5,1414.8,1407
308,Daniel Nguyen,29.1,1415.9,1370.3,1211.7,1375.7,1393.1,1313.8,1395.8
309,Jurgen Zopp,31.5,1415.5,1412,1419.1,1316.9,1413.7,1417.3,1366.2
310,Giulio Zeppieri,17.9,1415.4,1228.2,1370.5,0,1321.8,1393,1407.7
311,Sekou Bangoura,28,1415.4,1375,1199.5,1351.9,1395.2,1307.4,1383.6
312,Raymond Sarmiento,27.3,1414.9,1366.3,0,0,1390.6,1317.5,1407.5
313,Gianluigi Quinzi,23.7,1414.9,1282,1380.3,1331.4,1348.5,1397.6,1373.2
314,Riccardo Bonadio,26.3,1411.2,1229.4,1399.6,0,1320.3,1405.4,1405.6
315,Orlando Luz,21.7,1409.5,1140.6,1403.1,0,1275,1406.3,1404.7
316,Di Wu,28.1,1407.3,1346.4,1285.1,1271.3,1376.9,1346.2,1339.3
317,Jelle Sels,24.3,1406.9,1268.1,1442.3,1356.7,1337.5,1424.6,1381.8
318,Raul Brancaccio,22.5,1404.6,1323.4,1392.9,0,1364,1398.7,1402.3
319,Kevin King,28.7,1403.5,1333.3,1229.6,1377.4,1368.4,1316.6,1390.5
320,Harri Heliovaara,30.4,1401.4,1383.9,1184.7,1388.8,1392.6,1293,1395.1
321,Adam Pavlasek,24.9,1399.4,1357.4,1359.8,1450,1378.4,1379.6,1424.7
322,Hugo Grenier,23.6,1397.6,1365.7,1151.2,0,1381.7,1274.4,1398.8
323,Kenny De Schepper,32.2,1391,1441.1,1265.6,1484.7,1416.1,1328.3,1437.9
324,Daniel Gimeno Traver,34.1,1390.2,1241.1,1368.9,1222.8,1315.7,1379.6,1306.5
325,Marc Andrea Huesler,23.3,1389.2,1352.6,1287.6,1410.2,1370.9,1338.4,1399.7
326,Roman Safiullin,22.2,1388.1,1381.3,1144.3,0,1384.7,1266.2,1394.1
327,Luke Saville,25.8,1383.9,1354.1,1119.6,1451.7,1369,1251.8,1417.8
328,Laurynas Grigelis,27.9,1383.4,1318.2,1311,1356.6,1350.8,1347.2,1370
329,Manuel Guinard,23.9,1383.1,1274.7,1417.6,0,1328.9,1400.3,1391.5
330,Vaclav Safranek,25.5,1382.2,1064.6,1426.9,1316.7,1223.4,1404.5,1349.5
331,Stephane Robert,39.2,1381,1333.6,1398.1,1552.3,1357.3,1389.6,1466.7
332,Peter Torebko,31.6,1381,1225.1,1361.5,1353.2,1303.1,1371.3,1367.1
333,Saketh Myneni,32.1,1380.9,1333.1,1338.2,1320.7,1357,1359.5,1350.8
334,Renzo Olivo,27.6,1380.5,1299.3,1369.6,1265.7,1339.9,1375.1,1323.1
335,Pavel Kotov,21,1378.8,1362.7,1325.4,0,1370.7,1352.1,1389.4
336,Javier Barranco Cosano,20.9,1374.6,1154.6,1348.1,0,1264.6,1361.4,1387.3
337,Uladzimir Ignatik,29.3,1373.8,1371.7,1284.6,1303.6,1372.7,1329.2,1338.7
338,Michael Redlicki,26,1371.7,1328.4,1153.9,0,1350.1,1262.8,1385.9
339,Antoine Escoffier,27.7,1370.6,1364.1,1111.5,0,1367.4,1241.1,1385.3
340,Peter Heller,27.2,1369.5,1170.4,1331.6,0,1270,1350.5,1384.7
341,Pedro Sakamoto,26.3,1368.8,1223.8,1335.1,0,1296.3,1351.9,1384.4
342,Yan Bai,30.5,1368.7,1311.1,1310.9,1349.3,1339.9,1339.8,1359
343,Ulises Blanch,21.6,1368.3,1388.4,1297.2,0,1378.4,1332.8,1384.2
344,Tsung Hua Yang,28.6,1368.1,1313.5,1335.8,1258.7,1340.8,1352,1313.4
345,Shuichi Sekiguchi,28.3,1368,1322.6,0,0,1345.3,1294,1384
346,Markus Eriksson,29.9,1366.2,1395.6,1274,0,1380.9,1320.1,1383.1
347,Oriol Roca Batalla,26.5,1363.2,1246.1,1341.2,1351.8,1304.7,1352.2,1357.5
348,Lloyd Glasspool,26,1362.6,1320.4,0,1255.5,1341.5,1291.3,1309.1
349,Viktor Durasovic,22.7,1362.3,1370.5,1183.9,1404.2,1366.4,1273.1,1383.3
350,Yunseong Chung,21.6,1361,1303.8,1335.3,1325.1,1332.4,1348.1,1343
351,Alejandro Gonzalez,30.8,1359,1334.6,1332.4,1269,1346.8,1345.7,1314
352,Baptiste Crepatte,25.1,1354.1,1371.3,1186.5,0,1362.7,1270.3,1377.1
353,Martin Cuevas,27.8,1353.9,1249.3,1324.8,0,1301.6,1339.4,1376.9
354,Edan Leshem,22.6,1352.8,1317.8,1416.2,1500,1335.3,1384.5,1426.4
355,Shintaro Imai,26.2,1352.4,1312.5,0,0,1332.5,1286.2,1376.2
356,Khumoun Sultanov,21,1350.5,1381.7,1087.9,1478.1,1366.1,1219.2,1414.3
357,Scott Griekspoor,28.6,1349.7,1229,1358.1,0,1289.4,1353.9,1374.9
358,Julian Ocleppo,22.3,1346.4,1251.2,1290.7,0,1298.8,1318.5,1373.2
359,Benjamin Bonzi,23.4,1345.3,1253.2,1297.4,1521.8,1299.3,1321.4,1433.6
360,Karim Mohamed Maamoun,28.3,1344.2,1279.1,1309.7,1500,1311.7,1326.9,1422.1
361,Ivan Gakhov,22.9,1342.4,1193,1323.3,0,1267.7,1332.9,1371.2
362,Arthur Rinderknech,24.2,1338.6,1266.8,1263.9,0,1302.7,1301.3,1369.3
363,Sadio Doumbia,29.1,1334.5,1295.4,1268.8,0,1314.9,1301.7,1367.2
364,Roy Smith,21.2,1334.2,1291.1,0,0,1312.7,1277.1,1367.1
365,Sasi Kumar Mukund,22.8,1334,1284,1313,1305.9,1309,1323.5,1319.9
366,Dennis Novikov,26,1333.8,1281.5,1223.1,1415,1307.7,1278.5,1374.4
367,Tak Khunn Wang,27.9,1333.1,1204,1336.1,0,1268.6,1334.6,1366.6
368,Sebastian Fanselow,27.9,1332.7,1270.6,1338.6,0,1301.7,1335.7,1366.4
369,Maximilian Neuchrist,28.3,1332,1278.2,1193.2,0,1305.1,1262.6,1366
370,Roberto Ortega Olmedo,28.6,1330.1,1262.5,1297.3,1414,1296.3,1313.7,1372
371,Martin Redlicki,24.2,1328.7,1287.5,0,0,1308.1,1274.4,1364.4
372,Carlos Gomez Herrera,29.6,1326.5,1337.4,1259.3,1371.6,1331.9,1292.9,1349.1
373,Marcelo Tomas Barrios Vera,21.9,1326.5,1294.1,1326.7,1329.2,1310.3,1326.6,1327.9
374,Brydan Klein,29.9,1324,1279,1152.3,1372.8,1301.5,1238.2,1348.4
375,Filip Peliwo,25.8,1323.8,1278.7,1288,1324,1301.2,1305.9,1323.9
376,Sandro Ehrat,28.6,1321.7,1150.9,1312,0,1236.3,1316.8,1360.8
377,Alexander Ritschard,25.6,1321.7,1261.9,1212.3,0,1291.8,1267,1360.8
378,Geoffrey Blancaneaux,21.3,1320.1,1174.6,1351.3,0,1247.3,1335.7,1360
379,Evan King,27.6,1315.2,1277.7,1221,1211.5,1296.5,1268.1,1263.3
380,Denis Yevseyev,26.5,1314.5,1314.3,1140.1,0,1314.4,1227.3,1357.2
381,Federico Iannaccone,20.6,1312.9,1231.1,1236.1,0,1272,1274.5,1356.5
382,Collin Altamirano,23.9,1312.5,1242.8,1444.2,1500,1277.6,1378.3,1406.2
383,Aldin Setkic,31.9,1312.2,1286.6,1237.7,1211.3,1299.4,1275,1261.8
384,Pedro Cachin,24.5,1302.3,1020.9,1356.5,1309.9,1161.6,1329.4,1306.1
385,Alexander Sarkissian,29.6,1301.7,1234.3,1144.2,1228.8,1268,1222.9,1265.3
386,Goncalo Oliveira,24.7,1300.3,1168.9,1346.4,1356.6,1234.6,1323.3,1328.5
387,Aleksandar Vukic,23.6,1298.2,1237.2,1338.5,0,1267.7,1318.4,1349.1
388,Tomislav Brkic,29.6,1294,1173.2,1297.5,1465.6,1233.6,1295.8,1379.8
389,Ivan Nedelko,33.5,1290,1163.7,1239.5,1277.6,1226.8,1264.7,1283.8
390,Kaichi Uchida,25.2,1289.3,1243.4,1219.9,1364.2,1266.4,1254.6,1326.8
391,Alessandro Bega,28.7,1280,1181.4,1240.4,1439.5,1230.7,1260.2,1359.8
392,Evan Song,27.4,1277.2,1227.5,1151,0,1252.3,1214.1,1338.6
393,Harry Bourchier,23.8,1276.8,1214,1263.9,1347.7,1245.4,1270.4,1312.3
394,Matias Franco Descotte,25.2,1274.8,1283.1,1176.4,0,1279,1225.6,1337.4
395,Ante Pavic,30.6,1273.3,1238.3,1236.5,1477.6,1255.8,1254.9,1375.4
396,Roberto Cid,26.2,1266.8,1256.6,1213.4,1500,1261.7,1240.1,1383.4
397,Maverick Banes,27.5,1251.1,1198,1226.1,1339,1224.6,1238.6,1295
398,Renta Tokuda,21.6,1246.8,1210.8,1159,0,1228.8,1202.9,1323.4
399,Alexander Zhurbin,27.7,1242.8,1118.8,1227.6,0,1180.8,1235.2,1321.4
400,Fabien Reboul,24.1,1241.3,1122.4,1308,0,1181.8,1274.6,1320.6
401,Jacob Grills,24.4,1230.6,1151.2,1272.2,0,1190.9,1251.4,1315.3
402,Carlos Boluda Purkiss,26.6,1221.8,1286.5,1113.5,0,1254.2,1167.7,1310.9
403,Yusuke Takahashi,22.1,1209.5,1168.5,1193.9,0,1189,1201.7,1304.8
404,Makoto Ochi,23.5,1188.9,1139.8,1198.4,0,1164.4,1193.6,1294.5
